{"cameraMode":{"drawMode":0,"name":"Shaded","section":"Shading Mode"},"sceneLighting":true,"audioPlay":false,"sceneViewState":{"m_AlwaysRefresh":false,"showFog":true,"showSkybox":true,"showFlares":true,"showImageEffects":true,"showParticleSystems":true,"showVisualEffectGraphs":true,"m_FxEnabled":true},"in2DMode":false,"pivot":{"x":-3.1364927291870119,"y":6.144186496734619,"z":-34.431678771972659},"rotation":{"x":-0.007497183512896299,"y":-0.02699589915573597,"z":-0.000202546565560624,"w":0.9996081590652466},"size":13.99837875366211,"orthographic":true}